no03YsrI,0:1
27m14a7m,2:0
Iyucw932,0:1
fwUqNQQu,0:1
bPPHi5rt,2:1
2Hr7MO9k,2:0
27m14a7m,2:1
Iyucw932,1:1
bPPHi5rt,3:1
bPPHi5rt,4:1
2Hr7MO9k,2:1
K03aDH66,1:0
2Hr7MO9k,2:2
2yupANZ9,1:0
fwUqNQQu,0:2
fwUqNQQu,0:3
Iyucw932,1:2
M3I65lJi,0:1
fwUqNQQu,0:4
hSfOPKwI,0:1
bPPHi5rt,5:1
2Hr7MO9k,2:3
2yupANZ9,2:0
hdtE1ci6,1:0
2yupANZ9,2:2
hdtE1ci6,2:1
GpKmHcF9,0:1
bwi6Q08H,1:0
rJteA1a5,0:1
t2Wvhidl,0:1
rJteA1a5,0:2
hdtE1ci6,2:2
0hfSOvgO,0:1
bwi6Q08H,1:1
S4evJYH6,1:2
AR9kksL7,0:1
S4evJYH6,1:3
AR9kksL7,2:2
00vNA08o,0:1
00vNA08o,1:1
K0XYLLhQ,1:0
00vNA08o,1:2
AR9kksL7,2:3
dEjvZGPQ,0:1
AVHelOLs,1:0
dEjvZGPQ,1:1
dEjvZGPQ,2:1
AVHelOLs,2:0
K0XYLLhQ,1:1
ph4LT7Nh,0:1
ljCGMemD,1:0
